namePlayer,idPlayer,urlPlayerThumbnail
Eric Piatkowski,15,https://stats.nba.com/media/players/230x185/15.png
Greg Anthony,21,https://stats.nba.com/media/players/230x185/21.png
Rik Smits,22,https://stats.nba.com/media/players/230x185/22.png
Chris Whitney,43,https://stats.nba.com/media/players/230x185/43.png
George McCloud,45,https://stats.nba.com/media/players/230x185/45.png
Gary Payton,56,https://stats.nba.com/media/players/230x185/56.png
Doug Christie,57,https://stats.nba.com/media/players/230x185/57.png
Kenny Anderson,72,https://stats.nba.com/media/players/230x185/72.png
Cedric Ceballos,76,https://stats.nba.com/media/players/230x185/76.png
Latrell Sprewell,84,https://stats.nba.com/media/players/230x185/84.png
Dikembe Mutombo,87,https://stats.nba.com/media/players/230x185/87.png
Nick Van Exel,89,https://stats.nba.com/media/players/230x185/89.png
Hubert Davis,93,https://stats.nba.com/media/players/230x185/93.png
Detlef Schrempf,96,https://stats.nba.com/media/players/230x185/96.png
Nick Anderson,98,https://stats.nba.com/media/players/230x185/98.png
Dale Ellis,107,https://stats.nba.com/media/players/230x185/107.png
Robert Horry,109,https://stats.nba.com/media/players/230x185/109.png
LaPhonso Ellis,111,https://stats.nba.com/media/players/230x185/111.png
Steven Smith,120,https://stats.nba.com/media/players/230x185/120.png
Steven Smith,200848,https://stats.nba.com/media/players/230x185/200848.png
Patrick Ewing,121,https://stats.nba.com/media/players/230x185/121.png
Patrick Ewing,201607,https://stats.nba.com/media/players/230x185/201607.png
Vlade Divac,124,https://stats.nba.com/media/players/230x185/124.png
David Wesley,133,https://stats.nba.com/media/players/230x185/133.png
P.J. Brown,136,https://stats.nba.com/media/players/230x185/136.png
Vernon Maxwell,137,https://stats.nba.com/media/players/230x185/137.png
Tracy Murray,145,https://stats.nba.com/media/players/230x185/145.png
Jalen Rose,147,https://stats.nba.com/media/players/230x185/147.png
Hakeem Olajuwon,165,https://stats.nba.com/media/players/230x185/165.png
Ron Harper,166,https://stats.nba.com/media/players/230x185/166.png
Chris Mills,168,https://stats.nba.com/media/players/230x185/168.png
Olden Polynice,178,https://stats.nba.com/media/players/230x185/178.png
Chris Webber,185,https://stats.nba.com/media/players/230x185/185.png
Anthony Mason,193,https://stats.nba.com/media/players/230x185/193.png
Danny Ferry,198,https://stats.nba.com/media/players/230x185/198.png
Jeff Hornacek,204,https://stats.nba.com/media/players/230x185/204.png
Sam Cassell,208,https://stats.nba.com/media/players/230x185/208.png
Dell Curry,209,https://stats.nba.com/media/players/230x185/209.png
Terrell Brandon,210,https://stats.nba.com/media/players/230x185/210.png
Antonio Davis,213,https://stats.nba.com/media/players/230x185/213.png
Clar. Weatherspoon,221,https://stats.nba.com/media/players/230x185/221.png
Eddie Jones,224,https://stats.nba.com/media/players/230x185/224.png
Tyrone Hill,238,https://stats.nba.com/media/players/230x185/238.png
Darrick Martin,239,https://stats.nba.com/media/players/230x185/239.png
Aaron McKie,243,https://stats.nba.com/media/players/230x185/243.png
George Lynch,248,https://stats.nba.com/media/players/230x185/248.png
Karl Malone,252,https://stats.nba.com/media/players/230x185/252.png
Grant Hill,255,https://stats.nba.com/media/players/230x185/255.png
Brian Grant,258,https://stats.nba.com/media/players/230x185/258.png
Horace Grant,270,https://stats.nba.com/media/players/230x185/270.png
Johnny Newman,271,https://stats.nba.com/media/players/230x185/271.png
Allan Houston,275,https://stats.nba.com/media/players/230x185/275.png
Stacey Augmon,278,https://stats.nba.com/media/players/230x185/278.png
Lindsey Hunter,283,https://stats.nba.com/media/players/230x185/283.png
Rick Fox,296,https://stats.nba.com/media/players/230x185/296.png
Alonzo Mourning,297,https://stats.nba.com/media/players/230x185/297.png
Glenn Robinson,299,https://stats.nba.com/media/players/230x185/299.png
Mookie Blaylock,302,https://stats.nba.com/media/players/230x185/302.png
John Stockton,304,https://stats.nba.com/media/players/230x185/304.png
John Starks,317,https://stats.nba.com/media/players/230x185/317.png
Anthony Peeler,324,https://stats.nba.com/media/players/230x185/324.png
Danny Manning,330,https://stats.nba.com/media/players/230x185/330.png
Tom Gugliotta,339,https://stats.nba.com/media/players/230x185/339.png
Dana Barros,344,https://stats.nba.com/media/players/230x185/344.png
Terry Porter,345,https://stats.nba.com/media/players/230x185/345.png
Mark Jackson,349,https://stats.nba.com/media/players/230x185/349.png
Darrell Armstrong,353,https://stats.nba.com/media/players/230x185/353.png
Anfernee Hardaway,358,https://stats.nba.com/media/players/230x185/358.png
Clifford Robinson,361,https://stats.nba.com/media/players/230x185/361.png
Christian Laettner,363,https://stats.nba.com/media/players/230x185/363.png
Rex Chapman,364,https://stats.nba.com/media/players/230x185/364.png
Charlie Ward,369,https://stats.nba.com/media/players/230x185/369.png
Isaiah Rider,375,https://stats.nba.com/media/players/230x185/375.png
Kendall Gill,383,https://stats.nba.com/media/players/230x185/383.png
Calbert Cheaney,384,https://stats.nba.com/media/players/230x185/384.png
Toni Kukoc,389,https://stats.nba.com/media/players/230x185/389.png
Rod Strickland,393,https://stats.nba.com/media/players/230x185/393.png
Reggie Miller,397,https://stats.nba.com/media/players/230x185/397.png
Shaquille O'Neal,406,https://stats.nba.com/media/players/230x185/406.png
Sam Mitchell,417,https://stats.nba.com/media/players/230x185/417.png
Avery Johnson,422,https://stats.nba.com/media/players/230x185/422.png
Chris Gatling,423,https://stats.nba.com/media/players/230x185/423.png
Shawn Kemp,431,https://stats.nba.com/media/players/230x185/431.png
Juwan Howard,436,https://stats.nba.com/media/players/230x185/436.png
Lamond Murray,441,https://stats.nba.com/media/players/230x185/441.png
Wesley Person,445,https://stats.nba.com/media/players/230x185/445.png
Lucious Harris,446,https://stats.nba.com/media/players/230x185/446.png
Bo Outlaw,448,https://stats.nba.com/media/players/230x185/448.png
Vin Baker,452,https://stats.nba.com/media/players/230x185/452.png
Howard Eisley,458,https://stats.nba.com/media/players/230x185/458.png
Jason Kidd,467,https://stats.nba.com/media/players/230x185/467.png
Jon Barry,468,https://stats.nba.com/media/players/230x185/468.png
Jamal Mashburn,469,https://stats.nba.com/media/players/230x185/469.png
Alan Henderson,673,https://stats.nba.com/media/players/230x185/673.png
Eric Williams,677,https://stats.nba.com/media/players/230x185/677.png
Jason Caffey,679,https://stats.nba.com/media/players/230x185/679.png
Bob Sura,682,https://stats.nba.com/media/players/230x185/682.png
Antonio McDyess,686,https://stats.nba.com/media/players/230x185/686.png
Michael Curry,688,https://stats.nba.com/media/players/230x185/688.png
Theo Ratliff,689,https://stats.nba.com/media/players/230x185/689.png
Joe Smith,693,https://stats.nba.com/media/players/230x185/693.png
Travis Best,696,https://stats.nba.com/media/players/230x185/696.png
Brent Barry,699,https://stats.nba.com/media/players/230x185/699.png
Voshon Lenard,702,https://stats.nba.com/media/players/230x185/702.png
Kurt Thomas,703,https://stats.nba.com/media/players/230x185/703.png
Kevin Garnett,708,https://stats.nba.com/media/players/230x185/708.png
Jerry Stackhouse,711,https://stats.nba.com/media/players/230x185/711.png
Michael Finley,714,https://stats.nba.com/media/players/230x185/714.png
Arvydas Sabonis,717,https://stats.nba.com/media/players/230x185/717.png
Gary Trent,718,https://stats.nba.com/media/players/230x185/718.png
Corliss Williamson,722,https://stats.nba.com/media/players/230x185/722.png
Eric Snow,727,https://stats.nba.com/media/players/230x185/727.png
Greg Ostertag,731,https://stats.nba.com/media/players/230x185/731.png
Bryant Reeves,735,https://stats.nba.com/media/players/230x185/735.png
Rasheed Wallace,739,https://stats.nba.com/media/players/230x185/739.png
Jim Jackson,754,https://stats.nba.com/media/players/230x185/754.png
Damon Stoudamire,757,https://stats.nba.com/media/players/230x185/757.png
Matt Geiger,761,https://stats.nba.com/media/players/230x185/761.png
Shawn Bradley,762,https://stats.nba.com/media/players/230x185/762.png
Tony Massenburg,763,https://stats.nba.com/media/players/230x185/763.png
David Robinson,764,https://stats.nba.com/media/players/230x185/764.png
Hersey Hawkins,765,https://stats.nba.com/media/players/230x185/765.png
Glen Rice,779,https://stats.nba.com/media/players/230x185/779.png
Mitch Richmond,782,https://stats.nba.com/media/players/230x185/782.png
Kevin Willis,788,https://stats.nba.com/media/players/230x185/788.png
Charles Oakley,891,https://stats.nba.com/media/players/230x185/891.png
Michael Jordan,893,https://stats.nba.com/media/players/230x185/893.png
Tim Hardaway,896,https://stats.nba.com/media/players/230x185/896.png
Bimbo Coles,902,https://stats.nba.com/media/players/230x185/902.png
Dale Davis,905,https://stats.nba.com/media/players/230x185/905.png
Malik Sealy,907,https://stats.nba.com/media/players/230x185/907.png
Larry Johnson,913,https://stats.nba.com/media/players/230x185/913.png
Larry Johnson,77156,https://stats.nba.com/media/players/230x185/77156.png
Rodney Rogers,915,https://stats.nba.com/media/players/230x185/915.png
Elden Campbell,922,https://stats.nba.com/media/players/230x185/922.png
Donyell Marshall,923,https://stats.nba.com/media/players/230x185/923.png
Derrick Coleman,934,https://stats.nba.com/media/players/230x185/934.png
Bryon Russell,935,https://stats.nba.com/media/players/230x185/935.png
Scottie Pippen,937,https://stats.nba.com/media/players/230x185/937.png
Allen Iverson,947,https://stats.nba.com/media/players/230x185/947.png
Marcus Camby,948,https://stats.nba.com/media/players/230x185/948.png
Shareef Abdur-Rahim,949,https://stats.nba.com/media/players/230x185/949.png
Stephon Marbury,950,https://stats.nba.com/media/players/230x185/950.png
Ray Allen,951,https://stats.nba.com/media/players/230x185/951.png
Antoine Walker,952,https://stats.nba.com/media/players/230x185/952.png
Lorenzen Wright,953,https://stats.nba.com/media/players/230x185/953.png
Kerry Kittles,954,https://stats.nba.com/media/players/230x185/954.png
Erick Dampier,956,https://stats.nba.com/media/players/230x185/956.png
Vitaly Potapenko,958,https://stats.nba.com/media/players/230x185/958.png
Steve Nash,959,https://stats.nba.com/media/players/230x185/959.png
Tony Delk,960,https://stats.nba.com/media/players/230x185/960.png
John Wallace,961,https://stats.nba.com/media/players/230x185/961.png
Walter McCarty,962,https://stats.nba.com/media/players/230x185/962.png
Derek Fisher,965,https://stats.nba.com/media/players/230x185/965.png
Jerome Williams,966,https://stats.nba.com/media/players/230x185/966.png
Othella Harrington,970,https://stats.nba.com/media/players/230x185/970.png
Jeff McInnis,976,https://stats.nba.com/media/players/230x185/976.png
Kobe Bryant,977,https://stats.nba.com/media/players/230x185/977.png
Peja Stojakovic,978,https://stats.nba.com/media/players/230x185/978.png
Jermaine O'Neal,979,https://stats.nba.com/media/players/230x185/979.png
Zydrunas Ilgauskas,980,https://stats.nba.com/media/players/230x185/980.png
Malik Rose,990,https://stats.nba.com/media/players/230x185/990.png
Shandon Anderson,1000,https://stats.nba.com/media/players/230x185/1000.png
Walt Williams,1005,https://stats.nba.com/media/players/230x185/1005.png
Erick Strickland,1065,https://stats.nba.com/media/players/230x185/1065.png
Chucky Atkins,1088,https://stats.nba.com/media/players/230x185/1088.png
Ben Wallace,1112,https://stats.nba.com/media/players/230x185/1112.png
Ike Austin,1134,https://stats.nba.com/media/players/230x185/1134.png
Aaron Williams,1425,https://stats.nba.com/media/players/230x185/1425.png
Bruce Bowen,1477,https://stats.nba.com/media/players/230x185/1477.png
Tim Duncan,1495,https://stats.nba.com/media/players/230x185/1495.png
Keith Van Horn,1496,https://stats.nba.com/media/players/230x185/1496.png
Chauncey Billups,1497,https://stats.nba.com/media/players/230x185/1497.png
Antonio Daniels,1498,https://stats.nba.com/media/players/230x185/1498.png
Tony Battie,1499,https://stats.nba.com/media/players/230x185/1499.png
Ron Mercer,1500,https://stats.nba.com/media/players/230x185/1500.png
Tim Thomas,1501,https://stats.nba.com/media/players/230x185/1501.png
Adonal Foyle,1502,https://stats.nba.com/media/players/230x185/1502.png
Tracy McGrady,1503,https://stats.nba.com/media/players/230x185/1503.png
Danny Fortson,1504,https://stats.nba.com/media/players/230x185/1504.png
Austin Croshere,1506,https://stats.nba.com/media/players/230x185/1506.png
Derek Anderson,1507,https://stats.nba.com/media/players/230x185/1507.png
Maurice Taylor,1508,https://stats.nba.com/media/players/230x185/1508.png
Brevin Knight,1510,https://stats.nba.com/media/players/230x185/1510.png
Anthony Parker,1515,https://stats.nba.com/media/players/230x185/1515.png
Bobby Jackson,1517,https://stats.nba.com/media/players/230x185/1517.png
Jacque Vaughn,1521,https://stats.nba.com/media/players/230x185/1521.png
Marc Jackson,1531,https://stats.nba.com/media/players/230x185/1531.png
Anthony Johnson,1533,https://stats.nba.com/media/players/230x185/1533.png
Stephen Jackson,1536,https://stats.nba.com/media/players/230x185/1536.png
Alvin Williams,1541,https://stats.nba.com/media/players/230x185/1541.png
Mark Blount,1548,https://stats.nba.com/media/players/230x185/1548.png
Troy Hudson,1607,https://stats.nba.com/media/players/230x185/1607.png
Mikki Moore,1630,https://stats.nba.com/media/players/230x185/1630.png
Michael Olowokandi,1709,https://stats.nba.com/media/players/230x185/1709.png
Mike Bibby,1710,https://stats.nba.com/media/players/230x185/1710.png
Raef LaFrentz,1711,https://stats.nba.com/media/players/230x185/1711.png
Antawn Jamison,1712,https://stats.nba.com/media/players/230x185/1712.png
Vince Carter,1713,https://stats.nba.com/media/players/230x185/1713.png
Jason Williams,1715,https://stats.nba.com/media/players/230x185/1715.png
Larry Hughes,1716,https://stats.nba.com/media/players/230x185/1716.png
Dirk Nowitzki,1717,https://stats.nba.com/media/players/230x185/1717.png
Paul Pierce,1718,https://stats.nba.com/media/players/230x185/1718.png
Bonzi Wells,1719,https://stats.nba.com/media/players/230x185/1719.png
Michael Doleac,1720,https://stats.nba.com/media/players/230x185/1720.png
Keon Clark,1721,https://stats.nba.com/media/players/230x185/1721.png
Michael Dickerson,1722,https://stats.nba.com/media/players/230x185/1722.png
Matt Harpring,1723,https://stats.nba.com/media/players/230x185/1723.png
Rasho Nesterovic,1725,https://stats.nba.com/media/players/230x185/1725.png
Pat Garrity,1727,https://stats.nba.com/media/players/230x185/1727.png
Ricky Davis,1729,https://stats.nba.com/media/players/230x185/1729.png
Brian Skinner,1730,https://stats.nba.com/media/players/230x185/1730.png
Tyronn Lue,1731,https://stats.nba.com/media/players/230x185/1731.png
Al Harrington,1733,https://stats.nba.com/media/players/230x185/1733.png
Nazr Mohammed,1737,https://stats.nba.com/media/players/230x185/1737.png
Ruben Patterson,1739,https://stats.nba.com/media/players/230x185/1739.png
Rashard Lewis,1740,https://stats.nba.com/media/players/230x185/1740.png
Rafer Alston,1747,https://stats.nba.com/media/players/230x185/1747.png
Cuttino Mobley,1749,https://stats.nba.com/media/players/230x185/1749.png
Greg Buckner,1761,https://stats.nba.com/media/players/230x185/1761.png
Damon Jones,1800,https://stats.nba.com/media/players/230x185/1800.png
Brad Miller,1802,https://stats.nba.com/media/players/230x185/1802.png
Tyrone Nesby,1838,https://stats.nba.com/media/players/230x185/1838.png
Anthony Carter,1853,https://stats.nba.com/media/players/230x185/1853.png
Earl Boykins,1863,https://stats.nba.com/media/players/230x185/1863.png
Elton Brand,1882,https://stats.nba.com/media/players/230x185/1882.png
Steve Francis,1883,https://stats.nba.com/media/players/230x185/1883.png
Baron Davis,1884,https://stats.nba.com/media/players/230x185/1884.png
Lamar Odom,1885,https://stats.nba.com/media/players/230x185/1885.png
Wally Szczerbiak,1887,https://stats.nba.com/media/players/230x185/1887.png
Richard Hamilton,1888,https://stats.nba.com/media/players/230x185/1888.png
Andre Miller,1889,https://stats.nba.com/media/players/230x185/1889.png
Shawn Marion,1890,https://stats.nba.com/media/players/230x185/1890.png
Jason Terry,1891,https://stats.nba.com/media/players/230x185/1891.png
Corey Maggette,1894,https://stats.nba.com/media/players/230x185/1894.png
Metta World Peace,1897,https://stats.nba.com/media/players/230x185/1897.png
James Posey,1899,https://stats.nba.com/media/players/230x185/1899.png
Jeff Foster,1902,https://stats.nba.com/media/players/230x185/1902.png
Kenny Thomas,1903,https://stats.nba.com/media/players/230x185/1903.png
Devean George,1904,https://stats.nba.com/media/players/230x185/1904.png
Andrei Kirilenko,1905,https://stats.nba.com/media/players/230x185/1905.png
Jumaine Jones,1908,https://stats.nba.com/media/players/230x185/1908.png
Gordan Giricek,1921,https://stats.nba.com/media/players/230x185/1921.png
Lee Nailon,1924,https://stats.nba.com/media/players/230x185/1924.png
Manu Ginobili,1938,https://stats.nba.com/media/players/230x185/1938.png
Raja Bell,1952,https://stats.nba.com/media/players/230x185/1952.png
Kenyon Martin,2030,https://stats.nba.com/media/players/230x185/2030.png
Stromile Swift,2031,https://stats.nba.com/media/players/230x185/2031.png
Darius Miles,2032,https://stats.nba.com/media/players/230x185/2032.png
Marcus Fizer,2033,https://stats.nba.com/media/players/230x185/2033.png
Mike Miller,2034,https://stats.nba.com/media/players/230x185/2034.png
Chris Mihm,2036,https://stats.nba.com/media/players/230x185/2036.png
Jamal Crawford,2037,https://stats.nba.com/media/players/230x185/2037.png
Keyon Dooling,2039,https://stats.nba.com/media/players/230x185/2039.png
Hedo Turkoglu,2045,https://stats.nba.com/media/players/230x185/2045.png
Desmond Mason,2046,https://stats.nba.com/media/players/230x185/2046.png
Quentin Richardson,2047,https://stats.nba.com/media/players/230x185/2047.png
Jamaal Magloire,2048,https://stats.nba.com/media/players/230x185/2048.png
Speedy Claxton,2049,https://stats.nba.com/media/players/230x185/2049.png
Morris Peterson,2050,https://stats.nba.com/media/players/230x185/2050.png
DeShawn Stevenson,2052,https://stats.nba.com/media/players/230x185/2052.png
Eduardo Najera,2059,https://stats.nba.com/media/players/230x185/2059.png
Marko Jaric,2060,https://stats.nba.com/media/players/230x185/2060.png
Eddie House,2067,https://stats.nba.com/media/players/230x185/2067.png
Michael Redd,2072,https://stats.nba.com/media/players/230x185/2072.png
Malik Allen,2124,https://stats.nba.com/media/players/230x185/2124.png
Kwame Brown,2198,https://stats.nba.com/media/players/230x185/2198.png
Tyson Chandler,2199,https://stats.nba.com/media/players/230x185/2199.png
Pau Gasol,2200,https://stats.nba.com/media/players/230x185/2200.png
Eddy Curry,2201,https://stats.nba.com/media/players/230x185/2201.png
Jason Richardson,2202,https://stats.nba.com/media/players/230x185/2202.png
Shane Battier,2203,https://stats.nba.com/media/players/230x185/2203.png
Eddie Griffin,2204,https://stats.nba.com/media/players/230x185/2204.png
Joe Johnson,2207,https://stats.nba.com/media/players/230x185/2207.png
Vladimir Radmanovic,2209,https://stats.nba.com/media/players/230x185/2209.png
Richard Jefferson,2210,https://stats.nba.com/media/players/230x185/2210.png
Troy Murphy,2211,https://stats.nba.com/media/players/230x185/2211.png
Zach Randolph,2216,https://stats.nba.com/media/players/230x185/2216.png
Brendan Haywood,2217,https://stats.nba.com/media/players/230x185/2217.png
Gerald Wallace,2222,https://stats.nba.com/media/players/230x185/2222.png
Samuel Dalembert,2223,https://stats.nba.com/media/players/230x185/2223.png
Jamaal Tinsley,2224,https://stats.nba.com/media/players/230x185/2224.png
Tony Parker,2225,https://stats.nba.com/media/players/230x185/2225.png
Mike James,2229,https://stats.nba.com/media/players/230x185/2229.png
Mike James,1628455,https://ak-static.cms.nba.com/wp-content/uploads/headshots/nba/latest/260x190/1628455.png
Maurice Evans,2230,https://stats.nba.com/media/players/230x185/2230.png
Trenton Hassell,2239,https://stats.nba.com/media/players/230x185/2239.png
Gilbert Arenas,2240,https://stats.nba.com/media/players/230x185/2240.png
Mehmet Okur,2246,https://stats.nba.com/media/players/230x185/2246.png
Earl Watson,2248,https://stats.nba.com/media/players/230x185/2248.png
Bobby Simmons,2250,https://stats.nba.com/media/players/230x185/2250.png
Charlie Bell,2294,https://stats.nba.com/media/players/230x185/2294.png
Carlos Arroyo,2306,https://stats.nba.com/media/players/230x185/2306.png
Chris Andersen,2365,https://stats.nba.com/media/players/230x185/2365.png
Yao Ming,2397,https://stats.nba.com/media/players/230x185/2397.png
Mike Dunleavy,2399,https://stats.nba.com/media/players/230x185/2399.png
Mike Dunleavy,76616,https://stats.nba.com/media/players/230x185/76616.png
Drew Gooden,2400,https://stats.nba.com/media/players/230x185/2400.png
Nene,2403,https://stats.nba.com/media/players/230x185/2403.png
Chris Wilcox,2404,https://stats.nba.com/media/players/230x185/2404.png
Amar'e Stoudemire,2405,https://stats.nba.com/media/players/230x185/2405.png
Caron Butler,2406,https://stats.nba.com/media/players/230x185/2406.png
Jared Jeffries,2407,https://stats.nba.com/media/players/230x185/2407.png
Fred Jones,2410,https://stats.nba.com/media/players/230x185/2410.png
Juan Dixon,2413,https://stats.nba.com/media/players/230x185/2413.png
Tayshaun Prince,2419,https://stats.nba.com/media/players/230x185/2419.png
Nenad Krstic,2420,https://stats.nba.com/media/players/230x185/2420.png
John Salmons,2422,https://stats.nba.com/media/players/230x185/2422.png
Roger Mason Jr.,2427,https://stats.nba.com/media/players/230x185/2427.png
Carlos Boozer,2430,https://stats.nba.com/media/players/230x185/2430.png
Flip Murray,2436,https://stats.nba.com/media/players/230x185/2436.png
Matt Barnes,2440,https://stats.nba.com/media/players/230x185/2440.png
Darius Songaila,2443,https://stats.nba.com/media/players/230x185/2443.png
Rasual Butler,2446,https://stats.nba.com/media/players/230x185/2446.png
Luis Scola,2449,https://stats.nba.com/media/players/230x185/2449.png
Jannero Pargo,2457,https://stats.nba.com/media/players/230x185/2457.png
Devin Brown,2484,https://stats.nba.com/media/players/230x185/2484.png
Reggie Evans,2501,https://stats.nba.com/media/players/230x185/2501.png
LeBron James,2544,https://stats.nba.com/media/players/230x185/2544.png
Darko Milicic,2545,https://stats.nba.com/media/players/230x185/2545.png
Carmelo Anthony,2546,https://stats.nba.com/media/players/230x185/2546.png
Chris Bosh,2547,https://stats.nba.com/media/players/230x185/2547.png
Dwyane Wade,2548,https://stats.nba.com/media/players/230x185/2548.png
Chris Kaman,2549,https://stats.nba.com/media/players/230x185/2549.png
Kirk Hinrich,2550,https://stats.nba.com/media/players/230x185/2550.png
T.J. Ford,2551,https://stats.nba.com/media/players/230x185/2551.png
Jarvis Hayes,2553,https://stats.nba.com/media/players/230x185/2553.png
Mickael Pietrus,2554,https://stats.nba.com/media/players/230x185/2554.png
Nick Collison,2555,https://stats.nba.com/media/players/230x185/2555.png
Luke Ridnour,2557,https://stats.nba.com/media/players/230x185/2557.png
David West,2561,https://stats.nba.com/media/players/230x185/2561.png
Sasha Pavlovic,2562,https://stats.nba.com/media/players/230x185/2562.png
Dahntay Jones,2563,https://stats.nba.com/media/players/230x185/2563.png
Boris Diaw,2564,https://stats.nba.com/media/players/230x185/2564.png
Travis Outlaw,2566,https://stats.nba.com/media/players/230x185/2566.png
Carlos Delfino,2568,https://stats.nba.com/media/players/230x185/2568.png
Kendrick Perkins,2570,https://stats.nba.com/media/players/230x185/2570.png
Leandro Barbosa,2571,https://stats.nba.com/media/players/230x185/2571.png
Josh Howard,2572,https://stats.nba.com/media/players/230x185/2572.png
Jason Kapono,2574,https://stats.nba.com/media/players/230x185/2574.png
Luke Walton,2575,https://stats.nba.com/media/players/230x185/2575.png
Steve Blake,2581,https://stats.nba.com/media/players/230x185/2581.png
Willie Green,2584,https://stats.nba.com/media/players/230x185/2584.png
Zaza Pachulia,2585,https://stats.nba.com/media/players/230x185/2585.png
Keith Bogans,2586,https://stats.nba.com/media/players/230x185/2586.png
Matt Bonner,2588,https://stats.nba.com/media/players/230x185/2588.png
Mo Williams,2590,https://stats.nba.com/media/players/230x185/2590.png
James Jones,2592,https://stats.nba.com/media/players/230x185/2592.png
Kyle Korver,2594,https://stats.nba.com/media/players/230x185/2594.png
Marquis Daniels,2605,https://stats.nba.com/media/players/230x185/2605.png
Udonis Haslem,2617,https://stats.nba.com/media/players/230x185/2617.png
Matt Carroll,2679,https://stats.nba.com/media/players/230x185/2679.png
Dwight Howard,2730,https://stats.nba.com/media/players/230x185/2730.png
Emeka Okafor,2731,https://stats.nba.com/media/players/230x185/2731.png
Ben Gordon,2732,https://stats.nba.com/media/players/230x185/2732.png
Shaun Livingston,2733,https://stats.nba.com/media/players/230x185/2733.png
Devin Harris,2734,https://stats.nba.com/media/players/230x185/2734.png
Josh Childress,2735,https://stats.nba.com/media/players/230x185/2735.png
Luol Deng,2736,https://stats.nba.com/media/players/230x185/2736.png
Andre Iguodala,2738,https://stats.nba.com/media/players/230x185/2738.png
Andris Biedrins,2740,https://stats.nba.com/media/players/230x185/2740.png
Sebastian Telfair,2742,https://stats.nba.com/media/players/230x185/2742.png
Kris Humphries,2743,https://stats.nba.com/media/players/230x185/2743.png
Al Jefferson,2744,https://stats.nba.com/media/players/230x185/2744.png
Josh Smith,2746,https://stats.nba.com/media/players/230x185/2746.png
JR Smith,2747,https://stats.nba.com/media/players/230x185/2747.png
Dorell Wright,2748,https://stats.nba.com/media/players/230x185/2748.png
Jameer Nelson,2749,https://stats.nba.com/media/players/230x185/2749.png
Delonte West,2753,https://stats.nba.com/media/players/230x185/2753.png
Tony Allen,2754,https://stats.nba.com/media/players/230x185/2754.png
Kevin Martin,2755,https://stats.nba.com/media/players/230x185/2755.png
Sasha Vujacic,2756,https://stats.nba.com/media/players/230x185/2756.png
Beno Udrih,2757,https://stats.nba.com/media/players/230x185/2757.png
Anderson Varejao,2760,https://stats.nba.com/media/players/230x185/2760.png
Chris Duhon,2768,https://stats.nba.com/media/players/230x185/2768.png
Trevor Ariza,2772,https://stats.nba.com/media/players/230x185/2772.png
Andres Nocioni,2804,https://stats.nba.com/media/players/230x185/2804.png
Damien Wilkins,2863,https://stats.nba.com/media/players/230x185/2863.png
Andrew Bogut,101106,https://stats.nba.com/media/players/230x185/101106.png
Marvin Williams,101107,https://stats.nba.com/media/players/230x185/101107.png
Chris Paul,101108,https://stats.nba.com/media/players/230x185/101108.png
Raymond Felton,101109,https://stats.nba.com/media/players/230x185/101109.png
Martell Webster,101110,https://stats.nba.com/media/players/230x185/101110.png
Charlie Villanueva,101111,https://stats.nba.com/media/players/230x185/101111.png
Channing Frye,101112,https://stats.nba.com/media/players/230x185/101112.png
Deron Williams,101114,https://stats.nba.com/media/players/230x185/101114.png
Andrew Bynum,101115,https://stats.nba.com/media/players/230x185/101115.png
Danny Granger,101122,https://stats.nba.com/media/players/230x185/101122.png
Gerald Green,101123,https://stats.nba.com/media/players/230x185/101123.png
Hakim Warrick,101124,https://stats.nba.com/media/players/230x185/101124.png
Nate Robinson,101126,https://stats.nba.com/media/players/230x185/101126.png
Jarrett Jack,101127,https://stats.nba.com/media/players/230x185/101127.png
Francisco Garcia,101128,https://stats.nba.com/media/players/230x185/101128.png
Luther Head,101129,https://stats.nba.com/media/players/230x185/101129.png
Jason Maxiell,101131,https://stats.nba.com/media/players/230x185/101131.png
Linas Kleiza,101132,https://stats.nba.com/media/players/230x185/101132.png
Ian Mahinmi,101133,https://stats.nba.com/media/players/230x185/101133.png
David Lee,101135,https://stats.nba.com/media/players/230x185/101135.png
Brandon Bass,101138,https://stats.nba.com/media/players/230x185/101138.png
CJ Miles,101139,https://stats.nba.com/media/players/230x185/101139.png
Ersan Ilyasova,101141,https://stats.nba.com/media/players/230x185/101141.png
Monta Ellis,101145,https://stats.nba.com/media/players/230x185/101145.png
Lou Williams,101150,https://stats.nba.com/media/players/230x185/101150.png
Andray Blatche,101154,https://stats.nba.com/media/players/230x185/101154.png
Ryan Gomes,101155,https://stats.nba.com/media/players/230x185/101155.png
Amir Johnson,101161,https://stats.nba.com/media/players/230x185/101161.png
Marcin Gortat,101162,https://stats.nba.com/media/players/230x185/101162.png
Jose Calderon,101181,https://stats.nba.com/media/players/230x185/101181.png
Will Bynum,101198,https://stats.nba.com/media/players/230x185/101198.png
Andrea Bargnani,200745,https://stats.nba.com/media/players/230x185/200745.png
LaMarcus Aldridge,200746,https://stats.nba.com/media/players/230x185/200746.png
Tyrus Thomas,200748,https://stats.nba.com/media/players/230x185/200748.png
Brandon Roy,200750,https://stats.nba.com/media/players/230x185/200750.png
Randy Foye,200751,https://stats.nba.com/media/players/230x185/200751.png
Rudy Gay,200752,https://stats.nba.com/media/players/230x185/200752.png
JJ Redick,200755,https://stats.nba.com/media/players/230x185/200755.png
Thabo Sefolosha,200757,https://stats.nba.com/media/players/230x185/200757.png
Ronnie Brewer,200758,https://stats.nba.com/media/players/230x185/200758.png
Rajon Rondo,200765,https://stats.nba.com/media/players/230x185/200765.png
Kyle Lowry,200768,https://stats.nba.com/media/players/230x185/200768.png
Shannon Brown,200769,https://stats.nba.com/media/players/230x185/200769.png
Jordan Farmar,200770,https://stats.nba.com/media/players/230x185/200770.png
P.J. Tucker,200782,https://stats.nba.com/media/players/230x185/200782.png
Daniel Gibson,200789,https://stats.nba.com/media/players/230x185/200789.png
Paul Millsap,200794,https://stats.nba.com/media/players/230x185/200794.png
J.J. Barea,200826,https://stats.nba.com/media/players/230x185/200826.png
Kevin Durant,201142,https://stats.nba.com/media/players/230x185/201142.png
Al Horford,201143,https://stats.nba.com/media/players/230x185/201143.png
Mike Conley,201144,https://stats.nba.com/media/players/230x185/201144.png
Jeff Green,201145,https://stats.nba.com/media/players/230x185/201145.png
Corey Brewer,201147,https://stats.nba.com/media/players/230x185/201147.png
Joakim Noah,201149,https://stats.nba.com/media/players/230x185/201149.png
Spencer Hawes,201150,https://stats.nba.com/media/players/230x185/201150.png
Thaddeus Young,201152,https://stats.nba.com/media/players/230x185/201152.png
Al Thornton,201154,https://stats.nba.com/media/players/230x185/201154.png
Rodney Stuckey,201155,https://stats.nba.com/media/players/230x185/201155.png
Nick Young,201156,https://stats.nba.com/media/players/230x185/201156.png
Marco Belinelli,201158,https://stats.nba.com/media/players/230x185/201158.png
Jason Smith,201160,https://stats.nba.com/media/players/230x185/201160.png
Jared Dudley,201162,https://stats.nba.com/media/players/230x185/201162.png
Wilson Chandler,201163,https://stats.nba.com/media/players/230x185/201163.png
Aaron Brooks,201166,https://stats.nba.com/media/players/230x185/201166.png
Arron Afflalo,201167,https://stats.nba.com/media/players/230x185/201167.png
Carl Landry,201171,https://stats.nba.com/media/players/230x185/201171.png
Glen Davis,201175,https://stats.nba.com/media/players/230x185/201175.png
Marc Gasol,201188,https://stats.nba.com/media/players/230x185/201188.png
Ramon Sessions,201196,https://stats.nba.com/media/players/230x185/201196.png
C.J. Watson,201228,https://stats.nba.com/media/players/230x185/201228.png
Anthony Tolliver,201229,https://stats.nba.com/media/players/230x185/201229.png
Michael Beasley,201563,https://stats.nba.com/media/players/230x185/201563.png
O.J. Mayo,201564,https://stats.nba.com/media/players/230x185/201564.png
Derrick Rose,201565,https://stats.nba.com/media/players/230x185/201565.png
Russell Westbrook,201566,https://stats.nba.com/media/players/230x185/201566.png
Kevin Love,201567,https://stats.nba.com/media/players/230x185/201567.png
Danilo Gallinari,201568,https://stats.nba.com/media/players/230x185/201568.png
Eric Gordon,201569,https://stats.nba.com/media/players/230x185/201569.png
D.J. Augustin,201571,https://stats.nba.com/media/players/230x185/201571.png
Brook Lopez,201572,https://stats.nba.com/media/players/230x185/201572.png
Jerryd Bayless,201573,https://stats.nba.com/media/players/230x185/201573.png
Jason Thompson,201574,https://stats.nba.com/media/players/230x185/201574.png
Brandon Rush,201575,https://stats.nba.com/media/players/230x185/201575.png
Robin Lopez,201577,https://stats.nba.com/media/players/230x185/201577.png
Marreese Speights,201578,https://stats.nba.com/media/players/230x185/201578.png
Roy Hibbert,201579,https://stats.nba.com/media/players/230x185/201579.png
JaVale McGee,201580,https://stats.nba.com/media/players/230x185/201580.png
JJ Hickson,201581,https://stats.nba.com/media/players/230x185/201581.png
Ryan Anderson,201583,https://stats.nba.com/media/players/230x185/201583.png
Courtney Lee,201584,https://stats.nba.com/media/players/230x185/201584.png
Kosta Koufos,201585,https://stats.nba.com/media/players/230x185/201585.png
Serge Ibaka,201586,https://stats.nba.com/media/players/230x185/201586.png
Nicolas Batum,201587,https://stats.nba.com/media/players/230x185/201587.png
George Hill,201588,https://stats.nba.com/media/players/230x185/201588.png
Darrell Arthur,201589,https://stats.nba.com/media/players/230x185/201589.png
Nikola Pekovic,201593,https://stats.nba.com/media/players/230x185/201593.png
Mario Chalmers,201596,https://stats.nba.com/media/players/230x185/201596.png
DeAndre Jordan,201599,https://stats.nba.com/media/players/230x185/201599.png
Luc Mbah a Moute,201601,https://stats.nba.com/media/players/230x185/201601.png
Goran Dragic,201609,https://stats.nba.com/media/players/230x185/201609.png
Anthony Morrow,201627,https://stats.nba.com/media/players/230x185/201627.png
Blake Griffin,201933,https://stats.nba.com/media/players/230x185/201933.png
James Harden,201935,https://stats.nba.com/media/players/230x185/201935.png
Tyreke Evans,201936,https://stats.nba.com/media/players/230x185/201936.png
Ricky Rubio,201937,https://stats.nba.com/media/players/230x185/201937.png
Stephen Curry,201939,https://stats.nba.com/media/players/230x185/201939.png
Jordan Hill,201941,https://stats.nba.com/media/players/230x185/201941.png
DeMar DeRozan,201942,https://stats.nba.com/media/players/230x185/201942.png
Brandon Jennings,201943,https://stats.nba.com/media/players/230x185/201943.png
Gerald Henderson,76993,https://stats.nba.com/media/players/230x185/76993.png
Gerald Henderson,201945,https://stats.nba.com/media/players/230x185/201945.png
James Johnson,201949,https://stats.nba.com/media/players/230x185/201949.png
Jrue Holiday,201950,https://stats.nba.com/media/players/230x185/201950.png
Ty Lawson,201951,https://stats.nba.com/media/players/230x185/201951.png
Jeff Teague,201952,https://stats.nba.com/media/players/230x185/201952.png
Darren Collison,201954,https://stats.nba.com/media/players/230x185/201954.png
Omri Casspi,201956,https://stats.nba.com/media/players/230x185/201956.png
Taj Gibson,201959,https://stats.nba.com/media/players/230x185/201959.png
DeMarre Carroll,201960,https://stats.nba.com/media/players/230x185/201960.png
Wayne Ellington,201961,https://stats.nba.com/media/players/230x185/201961.png
Toney Douglas,201962,https://stats.nba.com/media/players/230x185/201962.png
Dante Cunningham,201967,https://stats.nba.com/media/players/230x185/201967.png
DeJuan Blair,201971,https://stats.nba.com/media/players/230x185/201971.png
Jonas Jerebko,201973,https://stats.nba.com/media/players/230x185/201973.png
Jodie Meeks,201975,https://stats.nba.com/media/players/230x185/201975.png
Patrick Beverley,201976,https://stats.nba.com/media/players/230x185/201976.png
Marcus Thornton,201977,https://stats.nba.com/media/players/230x185/201977.png
Chase Budinger,201978,https://stats.nba.com/media/players/230x185/201978.png
Danny Green,201980,https://stats.nba.com/media/players/230x185/201980.png
Patty Mills,201988,https://stats.nba.com/media/players/230x185/201988.png
Garrett Temple,202066,https://stats.nba.com/media/players/230x185/202066.png
Wesley Matthews,202083,https://stats.nba.com/media/players/230x185/202083.png
Alonzo Gee,202087,https://stats.nba.com/media/players/230x185/202087.png
John Wall,202322,https://stats.nba.com/media/players/230x185/202322.png
Evan Turner,202323,https://stats.nba.com/media/players/230x185/202323.png
Derrick Favors,202324,https://stats.nba.com/media/players/230x185/202324.png
Wesley Johnson,202325,https://stats.nba.com/media/players/230x185/202325.png
DeMarcus Cousins,202326,https://stats.nba.com/media/players/230x185/202326.png
Greg Monroe,202328,https://stats.nba.com/media/players/230x185/202328.png
Al-Farouq Aminu,202329,https://stats.nba.com/media/players/230x185/202329.png
Gordon Hayward,202330,https://stats.nba.com/media/players/230x185/202330.png
Paul George,202331,https://stats.nba.com/media/players/230x185/202331.png
Ed Davis,202334,https://stats.nba.com/media/players/230x185/202334.png
Patrick Patterson,202335,https://stats.nba.com/media/players/230x185/202335.png
Kevin Seraphin,202338,https://stats.nba.com/media/players/230x185/202338.png
Eric Bledsoe,202339,https://stats.nba.com/media/players/230x185/202339.png
Avery Bradley,202340,https://stats.nba.com/media/players/230x185/202340.png
Trevor Booker,202344,https://stats.nba.com/media/players/230x185/202344.png
Jordan Crawford,202348,https://stats.nba.com/media/players/230x185/202348.png
Greivis Vasquez,202349,https://stats.nba.com/media/players/230x185/202349.png
Hassan Whiteside,202355,https://stats.nba.com/media/players/230x185/202355.png
Lance Stephenson,202362,https://stats.nba.com/media/players/230x185/202362.png
Timofey Mozgov,202389,https://stats.nba.com/media/players/230x185/202389.png
Gary Neal,202390,https://stats.nba.com/media/players/230x185/202390.png
Jeremy Lin,202391,https://stats.nba.com/media/players/230x185/202391.png
Ish Smith,202397,https://stats.nba.com/media/players/230x185/202397.png
Kyrie Irving,202681,https://stats.nba.com/media/players/230x185/202681.png
Derrick Williams,202682,https://stats.nba.com/media/players/230x185/202682.png
Enes Kanter,202683,https://stats.nba.com/media/players/230x185/202683.png
Tristan Thompson,202684,https://stats.nba.com/media/players/230x185/202684.png
Jonas Valanciunas,202685,https://stats.nba.com/media/players/230x185/202685.png
Bismack Biyombo,202687,https://stats.nba.com/media/players/230x185/202687.png
Brandon Knight,202688,https://stats.nba.com/media/players/230x185/202688.png
Kemba Walker,202689,https://stats.nba.com/media/players/230x185/202689.png
Klay Thompson,202691,https://stats.nba.com/media/players/230x185/202691.png
Alec Burks,202692,https://stats.nba.com/media/players/230x185/202692.png
Markieff Morris,202693,https://stats.nba.com/media/players/230x185/202693.png
Marcus Morris Sr.,202694,https://stats.nba.com/media/players/230x185/202694.png
Kawhi Leonard,202695,https://stats.nba.com/media/players/230x185/202695.png
Nikola Vucevic,202696,https://stats.nba.com/media/players/230x185/202696.png
Iman Shumpert,202697,https://stats.nba.com/media/players/230x185/202697.png
Tobias Harris,202699,https://stats.nba.com/media/players/230x185/202699.png
Kenneth Faried,202702,https://stats.nba.com/media/players/230x185/202702.png
Nikola Mirotic,202703,https://stats.nba.com/media/players/230x185/202703.png
Reggie Jackson,202704,https://stats.nba.com/media/players/230x185/202704.png
Norris Cole,202708,https://stats.nba.com/media/players/230x185/202708.png
Cory Joseph,202709,https://stats.nba.com/media/players/230x185/202709.png
Jimmy Butler,202710,https://stats.nba.com/media/players/230x185/202710.png
Bojan Bogdanovic,202711,https://stats.nba.com/media/players/230x185/202711.png
Shelvin Mack,202714,https://stats.nba.com/media/players/230x185/202714.png
Chandler Parsons,202718,https://stats.nba.com/media/players/230x185/202718.png
E'Twaun Moore,202734,https://stats.nba.com/media/players/230x185/202734.png
Isaiah Thomas,202738,https://stats.nba.com/media/players/230x185/202738.png
Anthony Davis,203076,https://stats.nba.com/media/players/230x185/203076.png
Michael Kidd-Gilchrist,203077,https://stats.nba.com/media/players/230x185/203077.png
Bradley Beal,203078,https://stats.nba.com/media/players/230x185/203078.png
Dion Waiters,203079,https://stats.nba.com/media/players/230x185/203079.png
Damian Lillard,203081,https://stats.nba.com/media/players/230x185/203081.png
Terrence Ross,203082,https://stats.nba.com/media/players/230x185/203082.png
Andre Drummond,203083,https://stats.nba.com/media/players/230x185/203083.png
Harrison Barnes,203084,https://stats.nba.com/media/players/230x185/203084.png
Austin Rivers,203085,https://stats.nba.com/media/players/230x185/203085.png
Jeremy Lamb,203087,https://stats.nba.com/media/players/230x185/203087.png
John Henson,203089,https://stats.nba.com/media/players/230x185/203089.png
Maurice Harkless,203090,https://stats.nba.com/media/players/230x185/203090.png
Tyler Zeller,203092,https://stats.nba.com/media/players/230x185/203092.png
Evan Fournier,203095,https://stats.nba.com/media/players/230x185/203095.png
Jared Sullinger,203096,https://stats.nba.com/media/players/230x185/203096.png
Jae Crowder,203109,https://stats.nba.com/media/players/230x185/203109.png
Draymond Green,203110,https://stats.nba.com/media/players/230x185/203110.png
Khris Middleton,203114,https://stats.nba.com/media/players/230x185/203114.png
Will Barton,203115,https://stats.nba.com/media/players/230x185/203115.png
Mike Scott,203118,https://stats.nba.com/media/players/230x185/203118.png
Mirza Teletovic,203141,https://stats.nba.com/media/players/230x185/203141.png
Kent Bazemore,203145,https://stats.nba.com/media/players/230x185/203145.png
Justin Holiday,203200,https://stats.nba.com/media/players/230x185/203200.png
JaMychal Green,203210,https://stats.nba.com/media/players/230x185/203210.png
Alex Len,203458,https://stats.nba.com/media/players/230x185/203458.png
Allen Crabbe,203459,https://stats.nba.com/media/players/230x185/203459.png
Ben McLemore,203463,https://stats.nba.com/media/players/230x185/203463.png
CJ McCollum,203468,https://stats.nba.com/media/players/230x185/203468.png
Cody Zeller,203469,https://stats.nba.com/media/players/230x185/203469.png
Dennis Schroder,203471,https://stats.nba.com/media/players/230x185/203471.png
Gorgui Dieng,203476,https://stats.nba.com/media/players/230x185/203476.png
Kelly Olynyk,203482,https://stats.nba.com/media/players/230x185/203482.png
Kentavious Caldwell-Pope,203484,https://stats.nba.com/media/players/230x185/203484.png
Mason Plumlee,203486,https://stats.nba.com/media/players/230x185/203486.png
Michael Carter-Williams,203487,https://stats.nba.com/media/players/230x185/203487.png
Otto Porter Jr.,203490,https://stats.nba.com/media/players/230x185/203490.png
Robert Covington,203496,https://stats.nba.com/media/players/230x185/203496.png
Rudy Gobert,203497,https://stats.nba.com/media/players/230x185/203497.png
Steven Adams,203500,https://stats.nba.com/media/players/230x185/203500.png
Tim Hardaway Jr.,203501,https://stats.nba.com/media/players/230x185/203501.png
Tony Snell,203503,https://stats.nba.com/media/players/230x185/203503.png
Trey Burke,203504,https://stats.nba.com/media/players/230x185/203504.png
Victor Oladipo,203506,https://stats.nba.com/media/players/230x185/203506.png
Giannis Antetokounmpo,203507,https://stats.nba.com/media/players/230x185/203507.png
Zach LaVine,203897,https://stats.nba.com/media/players/230x185/203897.png
Elfrid Payton,203901,https://stats.nba.com/media/players/230x185/203901.png
Jordan Clarkson,203903,https://stats.nba.com/media/players/230x185/203903.png
Gary Harris,203914,https://stats.nba.com/media/players/230x185/203914.png
Spencer Dinwiddie,203915,https://stats.nba.com/media/players/230x185/203915.png
Rodney Hood,203918,https://stats.nba.com/media/players/230x185/203918.png
Jerami Grant,203924,https://stats.nba.com/media/players/230x185/203924.png
Joe Harris,203925,https://stats.nba.com/media/players/230x185/203925.png
Doug McDermott,203926,https://stats.nba.com/media/players/230x185/203926.png
Aaron Gordon,203932,https://stats.nba.com/media/players/230x185/203932.png
T.J. Warren,203933,https://stats.nba.com/media/players/230x185/203933.png
Marcus Smart,203935,https://stats.nba.com/media/players/230x185/203935.png
Julius Randle,203944,https://stats.nba.com/media/players/230x185/203944.png
Andrew Wiggins,203952,https://stats.nba.com/media/players/230x185/203952.png
Jabari Parker,203953,https://stats.nba.com/media/players/230x185/203953.png
Joel Embiid,203954,https://stats.nba.com/media/players/230x185/203954.png
Dario Saric,203967,https://stats.nba.com/media/players/230x185/203967.png
Clint Capela,203991,https://stats.nba.com/media/players/230x185/203991.png
Bogdan Bogdanovic,203992,https://ak-static.cms.nba.com/wp-content/uploads/headshots/nba/latest/260x190/203992.png
Jusuf Nurkic,203994,https://stats.nba.com/media/players/230x185/203994.png
Nikola Jokic,203999,https://stats.nba.com/media/players/230x185/203999.png
Kristaps Porzingis,204001,https://stats.nba.com/media/players/230x185/204001.png
Tyler Johnson,204020,https://stats.nba.com/media/players/230x185/204020.png
Langston Galloway,204038,https://stats.nba.com/media/players/230x185/204038.png
Joe Ingles,204060,https://stats.nba.com/media/players/230x185/204060.png
Emmanuel Mudiay,1626144,https://stats.nba.com/media/players/230x185/1626144.png
Montrezl Harrell,1626149,https://stats.nba.com/media/players/230x185/1626149.png
D'Angelo Russell,1626156,https://stats.nba.com/media/players/230x185/1626156.png
Karl-Anthony Towns,1626157,https://stats.nba.com/media/players/230x185/1626157.png
Willie Cauley-Stein,1626161,https://stats.nba.com/media/players/230x185/1626161.png
Kelly Oubre Jr.,1626162,https://stats.nba.com/media/players/230x185/1626162.png
Frank Kaminsky,1626163,https://stats.nba.com/media/players/230x185/1626163.png
Devin Booker,1626164,https://stats.nba.com/media/players/230x185/1626164.png
Myles Turner,1626167,https://stats.nba.com/media/players/230x185/1626167.png
Trey Lyles,1626168,https://stats.nba.com/media/players/230x185/1626168.png
Bobby Portis,1626171,https://stats.nba.com/media/players/230x185/1626171.png
Terry Rozier,1626179,https://stats.nba.com/media/players/230x185/1626179.png
Josh Richardson,1626196,https://stats.nba.com/media/players/230x185/1626196.png
Ben Simmons,1627732,https://stats.nba.com/media/players/230x185/1627732.png
Domantas Sabonis,1627734,https://stats.nba.com/media/players/230x185/1627734.png
Buddy Hield,1627741,https://stats.nba.com/media/players/230x185/1627741.png
Brandon Ingram,1627742,https://stats.nba.com/media/players/230x185/1627742.png
Jamal Murray,1627750,https://stats.nba.com/media/players/230x185/1627750.png
Taurean Prince,1627752,https://stats.nba.com/media/players/230x185/1627752.png
Jaylen Brown,1627759,https://stats.nba.com/media/players/230x185/1627759.png
Malcolm Brogdon,1627763,https://stats.nba.com/media/players/230x185/1627763.png
Pascal Siakam,1627783,https://stats.nba.com/media/players/230x185/1627783.png
De'Aaron Fox,1628368,https://ak-static.cms.nba.com/wp-content/uploads/headshots/nba/latest/260x190/1628368.png
Jayson Tatum,1628369,https://ak-static.cms.nba.com/wp-content/uploads/headshots/nba/latest/260x190/1628369.png
Lauri Markkanen,1628374,https://ak-static.cms.nba.com/wp-content/uploads/headshots/nba/latest/260x190/1628374.png
Donovan Mitchell,1628378,https://ak-static.cms.nba.com/wp-content/uploads/headshots/nba/latest/260x190/1628378.png
Kyle Kuzma,1628398,https://ak-static.cms.nba.com/wp-content/uploads/headshots/nba/latest/260x190/1628398.png
Collin Sexton,1629012,https://ak-static.cms.nba.com/wp-content/uploads/headshots/nba/latest/260x190/1629012.png
Trae Young,1629027,https://ak-static.cms.nba.com/wp-content/uploads/headshots/nba/latest/260x190/1629027.png
Luka Doncic,1629029,https://ak-static.cms.nba.com/wp-content/uploads/headshots/nba/latest/260x190/1629029.png
